1 Sarene Wellbeloved Female 21/12/1984 4034801980 swellbeloved0@myspace.com
2 Ines Gribble Female 28/04/2007 4034885889 igribble1@seattletimes.com
3 Justen Woodwin Male 24/07/2007 4033154519 jwoodwin2@biglobe.ne.jp
4 Cyrille Arnefield Male 12/08/1959 4039728205 carnefield3@chron.com
5 Glen Pring Female 02/02/1959 4035498155 gpring4@sourceforge.net
6 Nina Bolino Female 17/09/1976 4039814793 nbolino5@soundcloud.com
7 Worthington Haney Male 25/03/1974 4034698032 whaney6@i2i.jp
8 Kate Witherspoon Female 06/12/1934 4031113738 kwitherspoon7@thetimes.co.uk
9 Ash Frankling Male 26/10/2011 4035050765 afrankling8@miibeian.gov.cn
10 Graehme Agget Male 03/06/1945 4038102715 gagget9@unesco.org
11 Debbie Germaine Female 15/03/2012 4038405340 dgermainea@redcross.org
12 Patton Howison Male 26/09/1962 4035646182 phowisonb@bloomberg.com
13 Marci Spinelli Female 28/05/1988 4033344620 mspinellic@latimes.com
14 Kevin Benedidick Male 26/06/1988 4037327610 kbenedidickd@globo.com
15 Donal Gatrill Male 10/04/1993 4038592805 dgatrille@census.gov
16 Georgetta Missen Female 04/03/1931 4037809971 gmissenf@pinterest.com
17 Charmine Nel Female 15/05/1982 4037854196 cnelg@desdev.cn
18 Lanny Poynzer Male 29/12/1998 4032487536 lpoynzerh@abc.net.au
19 Kathryne Deedes Female 07/08/1970 4038476719 kdeedesi@ezinearticles.com
20 Rodina Clutten Female 11/01/1984 4033094798 rcluttenj@cmu.edu
21 Kerr Fried Male 25/03/1940 4031466158 kfriedk@wordpress.org
22 Lothario Mouse Male 02/07/1977 4032451598 lmousel@woothemes.com
23 Herrick Rickasse Male 07/05/1940 4032917126 hrickassem@example.com
24 Teresita Everett Female 10/04/1982 4031173864 teverettn@cam.ac.uk
25 Shea Leng Female 24/06/1936 4031499543 slengo@hugedomains.com
26 Kathy Enion Female 07/04/1964 4032447031 kenionp@engadget.com
27 Averell Duddridge Male 30/08/2007 4031541728 aduddridgeq@hexun.com
28 Joe Kilmaster Male 12/04/1964 4038384701 jkilmasterr@infoseek.co.jp
29 Domeniga Cay Female 19/06/1965 4031145393 dcays@pbs.org
30 Winona Frood Female 30/04/1935 4034912540 wfroodt@topsy.com
31 Lynn Costen Male 06/05/1934 4034631977 lcostenu@ucoz.ru
32 Dominga Kliesl Female 30/09/1946 4034094817 dklieslv@sciencedirect.com
33 Marylinda Hubball Female 08/09/1962 4032690468 mhubballw@virginia.edu
34 Evangeline Eberts Female 15/05/2005 4039748315 eebertsx@github.com
35 Joceline Undrell Female 26/03/2001 4035429418 jundrelly@diigo.com
36 Marylynne Jentin Female 11/09/1979 4037283363 mjentinz@rediff.com
37 Ellery Manifold Male 12/12/2003 4033102076 emanifold10@omniture.com
38 Teddi Glenn Female 17/02/1940 4035688415 tglenn11@alibaba.com
39 Elva Dymoke Female 29/08/1933 4035830280 edymoke12@alibaba.com
40 Wainwright Dorgon Male 15/12/1985 4031057240 wdorgon13@cbc.ca
41 Theresita Deathe Female 11/02/1954 4036082598 tdeathe14@hao123.com
42 Rhonda Smy Female 26/02/1996 4033025094 rsmy15@people.com.cn
43 Shannan Klisch Male 29/07/1941 4032470436 sklisch16@alibaba.com
44 Sharyl Maryet Female 19/02/2003 4036794820 smaryet17@state.tx.us
45 Gabi Altree Female 02/02/1987 4036670227 galtree18@cargocollective.com
46 Davida Hirschmann Female 06/12/1948 4034237171 dhirschmann19@examiner.com
47 Glenda Riveles Female 29/10/1975 4033397078 griveles1a@weather.com
48 Lock Farthing Male 18/12/1962 4037940385 lfarthing1b@domainmarket.com
49 Gates McDonell Female 10/02/1978 4033628582 gmcdonell1c@bloomberg.com
50 Cecilius Aucourte Male 14/12/1974 4037381501 caucourte1d@cbsnews.com
51 Avigdor Christmas Male 09/06/1952 4031229869 achristmas1e@who.int
52 Clare Dugan Male 25/05/1994 4031817181 cdugan1f@japanpost.jp
53 Valentine Jertz Female 11/10/1941 4032086942 vjertz1g@slate.com
54 Pearl Challenor Female 20/11/1937 4032209301 pchallenor1h@nytimes.com
55 Dev Chappelow Male 20/08/1989 4033086160 dchappelow1i@list-manage.com
56 Sheri Sherrard Female 27/02/1968 4039233238 ssherrard1j@google.com.br
57 Eldredge Drable Male 26/02/1978 4036327013 edrable1k@mysql.com
58 Eleonora Puttan Female 03/07/2000 4038276238 eputtan1l@cmu.edu
59 Pandora Aronow Female 11/09/1997 4038757727 paronow1m@disqus.com
60 Sherry Sweatland Female 15/02/2011 4034699732 ssweatland1n@yolasite.com
61 Giorgio Reace Male 16/05/1941 4034119716 greace1o@nymag.com
62 Nona Solomonides Female 05/02/1992 4034250947 nsolomonides1p@java.com
63 Lynn Beckensall Female 12/01/1980 4031853890 lbeckensall1q@bluehost.com
64 Brooke Munks Female 06/10/1956 4037449338 bmunks1r@deliciousdays.com
65 Rici Binton Female 09/03/1975 4034409760 rbinton1s@umich.edu
66 Roslyn Lowrance Female 31/07/1940 4036973241 rlowrance1t@wp.com
67 Kiersten Rannie Female 21/03/1959 4036007760 krannie1u@canalblog.com
68 Schuyler Noden Male 11/02/1956 4038458159 snoden1v@google.cn
69 Jerald McLaughlan Male 14/03/2005 4032135152 jmclaughlan1w@163.com
70 Conchita Bevan Female 20/12/1999 4039727120 cbevan1x@cbc.ca
71 Simone McCarrell Male 28/11/1979 4032495802 smccarrell1y@engadget.com
72 Adan Raffeorty Male 15/03/1950 4035883925 araffeorty1z@microsoft.com
73 Kassey Eginton Female 08/11/1964 4037153368 keginton20@usda.gov
74 Madelaine Warbey Female 28/11/2011 4036565044 mwarbey21@51.la
75 Putnem Goodbur Male 21/04/1974 4037360584 pgoodbur22@smugmug.com
76 Flossie Courvert Female 11/10/1945 4039493572 fcourvert23@t-online.de
77 Luca Whorlow Male 16/06/1933 4035608854 lwhorlow24@addthis.com
78 Luci Botfield Female 26/02/2009 4033337224 lbotfield25@wikia.com
79 Hanni Brouwer Female 05/08/2007 4033434350 hbrouwer26@wikipedia.org
80 Claude Joost Female 03/12/1968 4032530502 cjoost27@desdev.cn
81 Brent Kempson Male 29/11/2002 4038489181 bkempson28@squidoo.com
82 Sydney Winkless Female 28/03/1967 4035651144 swinkless29@ucla.edu
83 Justinn Dohrmann Female 11/06/1981 4032267324 jdohrmann2a@auda.org.au
84 Ingrim Obern Male 27/12/1982 4039029486 iobern2b@gov.uk
85 Howey Culy Male 31/10/1941 4035308931 hculy2c@japanpost.jp
86 Sheilah Valerius Female 16/04/1978 4035970331 svalerius2d@google.co.uk
87 Kaleena Kendell Female 08/09/1934 4035308210 kkendell2e@hugedomains.com
88 Colet Whapple Male 27/01/1962 4037855529 cwhapple2f@over-blog.com
89 Willi Gullen Male 08/06/1943 4036207896 wgullen2g@t.co
90 Rodolph Copplestone Male 03/07/1965 4036401554 rcopplestone2h@4shared.com
91 Joey OGeneay Male 30/06/1998 4035492840 jogeneay2i@ameblo.jp
92 Lexis Amsden Female 27/08/1983 4031608923 lamsden2j@bloomberg.com
93 Artemis Klaves Male 08/08/2006 4031489618 aklaves2k@tinyurl.com
94 Shirleen Elgie Female 29/01/1988 4036833217 selgie2l@aol.com
95 Godwin Kordovani Male 15/07/1950 4035062971 gkordovani2m@a8.net
96 Marcelia Guiraud Female 30/05/1939 4032694324 mguiraud2n@telegraph.co.uk
97 Johnath Petken Female 11/10/1987 4035575707 jpetken2o@pen.io
98 Caitlin Salman Female 01/09/1939 4039844166 csalman2p@diigo.com
99 Daisey Shalcros Female 02/11/1996 4035522832 dshalcros2q@shinystat.com
100 Vikki Tewnion Female 27/03/1957 4031034634 vtewnion2r@princeton.edu
101 Pate Sherred Male 17/06/1969 4039607321 psherred2s@barnesandnoble.com
102 Clywd Hengoed Male 07/10/2007 4035913106 chengoed2t@ifeng.com
103 Brew Scotchmore Male 17/12/1956 4037162612 bscotchmore2u@yale.edu
104 Granville Gurden Male 23/01/1999 4037172767 ggurden2v@sogou.com
105 Bernita Riding Female 06/03/1988 4035382831 briding2w@goodreads.com
106 Salmon Walesby Male 07/07/1967 4037414774 swalesby2x@addtoany.com
107 Cherrita Dionisi Female 02/12/1934 4037196879 cdionisi2y@oracle.com
108 Lazar Chaperlin Male 21/10/1990 4032370459 lchaperlin2z@technorati.com
109 Bartram Vanyashin Male 18/05/2011 4031102920 bvanyashin30@last.fm
110 Ardys Eastman Female 14/12/2005 4037946692 aeastman31@nyu.edu
111 Roselle McDyer Female 07/02/1999 4038115994 rmcdyer32@adobe.com
112 Mufi Barhams Female 12/01/1975 4032699019 mbarhams33@admin.ch
113 Tillie Kirley Female 14/05/2005 4039888893 tkirley34@elpais.com
114 Izzy Abramovici Male 29/09/2008 4031212799 iabramovici35@miibeian.gov.cn
115 Lynnea Lester Female 12/11/1995 4031404199 llester36@bloglines.com
116 Vivyan McFarlan Female 12/02/1968 4036387293 vmcfarlan37@networksolutions.com
117 Zachary Woodison Male 03/05/2008 4032663316 zwoodison38@linkedin.com
118 Ivett Ivanenko Female 03/08/1949 4034464121 iivanenko39@mayoclinic.com
119 Basile Lacky Male 16/08/1986 4033828767 blacky3a@wp.com
120 Austin Carlick Female 06/11/1944 4034797005 acarlick3b@naver.com
121 Verge Hildrew Male 16/06/1958 4037620386 vhildrew3c@dailymotion.com
122 Rochell Keighly Female 23/12/1942 4038034711 rkeighly3d@yahoo.co.jp
123 Noble Yuryaev Male 29/03/2010 4034043265 nyuryaev3e@indiegogo.com
124 Eachelle Saulter Female 21/02/1972 4038171704 esaulter3f@addtoany.com
125 Kendra Guinan Female 06/07/1994 4037006521 kguinan3g@hao123.com
126 Hortensia Sabattier Female 26/09/1957 4033923323 hsabattier3h@nymag.com
127 Jeanette Waggett Female 06/06/1992 4032001857 jwaggett3i@networkadvertising.org
128 Alicea Garrison Female 13/05/2009 4031540943 agarrison3j@dedecms.com
129 Casandra Jefford Female 11/07/1981 4035781824 cjefford3k@state.gov
130 Donovan Gounel Male 08/07/1995 4036228301 dgounel3l@discuz.net
131 Holt Buessen Male 16/08/1970 4037707249 hbuessen3m@elpais.com
132 Willamina Paute Female 26/04/1974 4032040558 wpaute3n@meetup.com
133 Alikee Worvill Female 06/12/1974 4035135709 aworvill3o@rediff.com
134 Fulton Roose Male 30/04/1950 4037738114 froose3p@foxnews.com
135 Denice Dolle Female 20/08/1960 4033324101 ddolle3q@businessinsider.com
136 Fey Sawle Female 01/08/1994 4032734206 fsawle3r@buzzfeed.com
137 Eada Lammin Female 01/09/1933 4037133515 elammin3s@edublogs.org
138 Matti Conti Female 14/02/1962 4033700919 mconti3t@ebay.co.uk
139 Harvey Redsall Male 26/08/1978 4032653416 hredsall3u@spotify.com
140 Dory Fairlam Female 18/06/2002 4033539108 dfairlam3v@china.com.cn
141 Humbert Bushen Male 13/09/1981 4036446238 hbushen3w@umich.edu
142 Garrard Ruppertz Male 27/03/1979 4031273730 gruppertz3x@phpbb.com
143 Alvan Maylor Male 30/07/1983 4032207867 amaylor3y@google.co.jp
144 Denyse Grimsditch Female 09/12/1963 4034590326 dgrimsditch3z@privacy.gov.au
145 Sofie Beaument Female 01/03/1937 4038628306 sbeaument40@craigslist.org
146 Hillery Reneke Male 03/08/1966 4031718625 hreneke41@blogs.com
147 Chip Calwell Male 23/07/1991 4032314840 ccalwell42@geocities.com
148 Obediah Rodders Male 24/09/1954 4038547184 orodders43@patch.com
149 Durant Whetnall Male 04/09/1972 4036803795 dwhetnall44@shutterfly.com
150 Margy Paolino Female 28/07/1966 4037008554 mpaolino45@dagondesign.com
151 Weidar Delyth Male 24/09/1958 4038086113 wdelyth46@linkedin.com
152 Flore Chesman Female 28/11/1978 4039156576 fchesman47@privacy.gov.au
153 Eddie Piegrome Male 26/07/1961 4032409679 epiegrome48@ezinearticles.com
154 Lauren Tappor Female 23/05/1992 4033206271 ltappor49@state.gov
155 Agace Luciano Female 05/01/1982 4033297474 aluciano4a@apache.org
156 Othilie MacIlhagga Female 01/01/1952 4038575423 omacilhagga4b@stanford.edu
157 Morey Chismon Male 22/06/1965 4035172940 mchismon4c@wsj.com
158 Alisa Bakes Female 16/10/2001 4035509494 abakes4d@guardian.co.uk
159 Cilka Ivanusyev Female 04/04/1997 4035467164 civanusyev4e@msu.edu
160 Mendie Tennewell Male 09/01/1955 4035528818 mtennewell4f@mozilla.org
161 Forrester Willan Male 17/02/1959 4038739807 fwillan4g@seesaa.net
162 Yehudi Windous Male 24/08/1990 4034545520 ywindous4h@home.pl
163 Latashia Bernasek Female 01/05/1969 4035433747 lbernasek4i@telegraph.co.uk
164 Cozmo Ruggs Male 11/12/1942 4038841099 cruggs4j@fotki.com
165 Kalil Ducroe Male 25/11/1934 4034014255 kducroe4k@4shared.com
166 Portie Flowith Male 24/01/1987 4032250239 pflowith4l@discuz.net
167 Laverna Paradis Female 09/11/1952 4033195107 lparadis4m@webnode.com
168 Robin Quarterman Male 24/10/1986 4039317133 rquarterman4n@spiegel.de
169 Hartwell Gillyatt Male 21/01/2005 4033408500 hgillyatt4o@goo.gl
170 Clemmy Rockwell Male 12/07/2000 4032067453 crockwell4p@upenn.edu
171 Nichole Sinnock Female 14/11/1966 4039713858 nsinnock4q@google.cn
172 Adolphe Bamblett Male 02/03/1968 4034520316 abamblett4r@twitpic.com
173 Harlan Waber Male 10/12/1984 4031208988 hwaber4s@dyndns.org
174 Panchito Otter Male 28/03/2001 4039751686 potter4t@hao123.com
175 Stephanus Gilders Male 10/07/1998 4031834669 sgilders4u@indiatimes.com
176 Elladine Syddall Female 07/09/1985 4034803399 esyddall4v@cmu.edu
177 Kristien Davidovsky Female 06/09/1975 4037692623 kdavidovsky4w@yandex.ru
178 Sandro Lorain Male 30/10/2004 4034904771 slorain4x@ocn.ne.jp
179 Eduino Kroch Male 27/02/2000 4037527361 ekroch4y@slate.com
180 Coletta Godthaab Female 17/01/1998 4035360351 cgodthaab4z@wikia.com
181 Benedict Colum Male 05/06/1983 4036503034 bcolum50@youku.com
182 Toby Fuzzey Male 07/01/1964 4038277267 tfuzzey51@1und1.de
183 Juieta Peachment Female 11/03/2006 4031171319 jpeachment52@paypal.com
184 Ashlie Richen Female 23/05/1955 4033612293 arichen53@shareasale.com
185 Ellerey Halcro Male 01/06/2012 4037518175 ehalcro54@gov.uk
186 Eirena McKelvey Female 02/09/2006 4039054907 emckelvey55@w3.org
187 Nat Blowin Male 05/03/2006 4034075680 nblowin56@washingtonpost.com
188 Armando Addeycott Male 11/01/1982 4036474012 aaddeycott57@google.es
189 Kynthia Coiley Female 05/12/1991 4031319292 kcoiley58@cdbaby.com
190 Tommie Aubray Male 21/07/1933 4035730989 taubray59@examiner.com
191 Aryn Colville Female 06/04/1990 4035497314 acolville5a@netvibes.com
192 Amanda Doumer Female 12/04/1992 4037977086 adoumer5b@about.me
193 Wait Brisco Male 14/11/1976 4035064995 wbrisco5c@imageshack.us
194 Sander Cabell Male 01/11/1962 4036406905 scabell5d@discuz.net
195 Isabella Langer Female 28/11/1980 4034663923 ilanger5e@addthis.com
196 Shepherd Lofting Male 12/06/1967 4031254513 slofting5f@123-reg.co.uk
197 Rabi Umpleby Male 29/06/2008 4033647776 rumpleby5g@nih.gov
198 Misty Caruth Female 31/10/1931 4039805398 mcaruth5h@domainmarket.com
199 Olia Vick Female 16/12/1982 4036322578 ovick5i@utexas.edu
200 Kalindi Vasilov Female 09/08/1963 4031173443 kvasilov5j@weebly.com
201 Scottie Wilcott Male 31/12/1936 4039019278 swilcott5k@wordpress.com
202 Fields Cranton Male 05/08/1990 4037884480 fcranton5l@forbes.com
203 Lynda Inkle Female 01/01/1996 4037061601 linkle5m@woothemes.com
204 Sadye Quibell Female 31/01/1969 4038576398 squibell5n@sogou.com
205 Barbabas Cotterel Male 01/12/1939 4036031244 bcotterel5o@ca.gov
206 Gilberte VanderSon Female 24/02/1936 4034578450 vandersong@gmail.com
207 Eloise Landes Female 19/10/1999 4034622914 elandes5q@nymag.com
208 Cristiano Bilbie Male 19/12/1944 4033531345 cbilbie5r@deviantart.com
209 Kalli Norway Female 27/01/2003 4033690082 knorway5s@flavors.me
210 Dotty Geekie Female 29/11/1963 4039954405 dgeekie5t@ebay.co.uk
211 Isidro Tebald Male 22/06/2002 4032770887 itebald5u@technorati.com
212 Lotta Rawlins Female 16/11/1973 4039381117 lrawlins5v@zdnet.com
213 Grazia Snaddon Female 19/10/1930 4036681007 gsnaddon5w@salon.com
214 Brynn Brenstuhl Female 28/11/2004 4031814215 bbrenstuhl5x@wiley.com
215 Fonz Hesser Male 24/05/1991 4036808051 fhesser5y@tamu.edu
216 Shermy Dufty Male 16/10/1985 4038001562 sdufty5z@vkontakte.ru
217 Marion Clucas Male 23/04/1937 4039039375 mclucas60@abc.net.au
218 Audrie Bridgewater Female 02/08/1960 4039534373 abridgewater61@yandex.ru
219 Skippie Hazeldene Male 17/06/1934 4039044655 shazeldene62@1688.com
220 Rosabelle Stoppard Female 05/07/1971 4032384423 rstoppard63@naver.com
221 Emilie Crowley Female 25/08/1983 4032863629 ecrowley64@google.com.hk
222 Marchelle Gutowski Female 25/02/1941 4031412422 mgutowski65@ebay.co.uk
223 Humfried Coraini Male 12/10/1937 4033683660 hcoraini66@de.vu
224 Yuri Worthy Male 31/10/1943 4032280822 yworthy67@toplist.cz
225 Samuele Bruna Male 20/08/1957 4037545836 sbruna68@marriott.com
226 Ludovika Evershed Female 28/02/1979 4035961754 levershed69@reddit.com
227 Errick Reeve Male 14/05/1949 4032890923 ereeve6a@bravesites.com
228 Hamlen McPartlin Male 05/07/1944 4031981427 hmcpartlin6b@telegraph.co.uk
229 Noland Yarn Male 20/08/1979 4035375137 nyarn6c@facebook.com
230 Pall Swindall Male 31/08/1982 4035778470 pswindall6d@fastcompany.com
231 Daisi Cheson Female 05/11/1945 4032022752 dcheson6e@google.pl
232 Carmencita Oulett Female 15/08/1969 4037269766 coulett6f@blogger.com
233 Andres Khotler Male 18/05/1930 4032497792 akhotler6g@360.cn
234 Drake Newsome Male 04/03/2003 4037946895 dnewsome6h@unblog.fr
235 Keith Tipper Male 15/09/1958 4035253114 ktipper6i@reference.com
236 Arri Badman Male 24/03/1982 4035371527 abadman6j@fastcompany.com
237 Rinaldo Wrist Male 04/06/1943 4037478990 rwrist6k@mlb.com
238 Emilia Gregoretti Female 29/12/1993 4037516919 egregoretti6l@gov.uk
239 Onfre MacPaden Male 19/08/1970 4035039034 omacpaden6m@1und1.de
240 Seana Macvain Female 10/01/1986 4032830555 smacvain6n@networkadvertising.org
241 Sherman Kennally Male 09/01/1946 4032625645 skennally6o@examiner.com
242 Bethina Bestwall Female 20/11/1950 4034361108 bbestwall6p@zimbio.com
243 Giulietta Housaman Female 04/06/1936 4035910271 ghousaman6q@amazon.de
244 Kingsly Riste Male 14/01/1953 4039871175 kriste6r@oakley.com
245 Gabbi Guitte Female 20/02/1958 4039068301 gguitte6s@indiatimes.com
246 Dur Kuhl Male 12/02/2005 4031133860 dkuhl6t@businesswire.com
247 Grove Arlett Male 07/09/1987 4036397729 garlett6u@simplemachines.org
248 Melvyn Poulsen Male 20/07/1958 4031351815 mpoulsen6v@vimeo.com
249 Lynda Librey Female 15/12/1962 4035502363 llibrey6w@wired.com
250 Lianne Fearne Female 12/12/1983 4037996710 lfearne6x@pcworld.com
251 Jocelyn Duham Female 21/08/1931 4038407131 jduham6y@bloomberg.com
252 Hedi Furman Female 01/06/1951 4033977566 hfurman6z@java.com
253 Kalina Cushion Female 18/08/1986 4039029082 kcushion70@howstuffworks.com
254 Nananne Wykes Female 23/10/1978 4036289795 nwykes71@dyndns.org
255 Mariejeanne MacCumiskey Female 18/11/1966 4038843669 mmaccumiskey72@simplemachines.org
256 Zebadiah Wick Male 15/10/2003 4037207131 zwick73@ucla.edu
257 Swen Detoile Male 19/04/1987 4031509106 sdetoile74@cbsnews.com
258 Ade Dyble Male 05/06/1987 4034867875 adyble75@ebay.com
259 Leslie Hainsworth Male 19/08/1930 4034798060 lhainsworth76@cdc.gov
260 Emmey Lehr Female 12/01/1950 4039156962 elehr77@netlog.com
261 Antonin Tevelov Male 21/01/1930 4032444015 atevelov78@virginia.edu
262 Patin Salter Male 09/12/1940 4039246811 psalter79@dell.com
263 Rodrigo Maxwell Male 18/09/1997 4037916071 rmaxwell7a@creativecommons.org
264 Valeda Abadam Female 08/05/1994 4039548484 vabadam7b@forbes.com
265 Kenna Murrison Female 02/06/1951 4035416003 kmurrison7c@i2i.jp
266 Connie Coniam Female 04/01/2002 4038033376 cconiam7d@biglobe.ne.jp
267 Leo By Male 28/02/1998 4039820333 lby7e@hao123.com
268 Raymond Woolf Male 11/08/1939 4033096115 rwoolf7f@sun.com
269 Cammi Huyghe Female 09/09/1972 4035618925 chuyghe7g@de.vu
270 Von Goulborn Male 30/12/1980 4032361998 vgoulborn7h@list-manage.com
271 Orsa Wenham Female 12/11/1939 4035484597 owenham7i@yellowbook.com
272 Antons Remington Male 03/08/1995 4031061692 aremington7j@edublogs.org
273 Elfrieda Byrcher Female 14/05/1933 4031646370 ebyrcher7k@list-manage.com
274 Mohammed Wurst Male 25/04/2010 4034006291 mwurst7l@harvard.edu
275 Brenden Baston Male 14/02/2002 4034332740 bbaston7m@tumblr.com
276 Dory McMurray Male 08/06/1965 4034575058 dmcmurray7n@acquirethisname.com
277 Hoyt Whittock Male 08/09/1949 4038137652 hwhittock7o@shop-pro.jp
278 Babbie Franken Female 11/02/1938 4037209842 bfranken7p@yandex.ru
279 Valerye OLahy Female 18/08/2001 4037619394 volahy7q@theguardian.com
280 Bobinette Athy Female 16/01/1986 4035389287 bathy7r@ning.com
281 Genevra Kohter Female 20/05/2007 4037334482 gkohter7s@yahoo.com
282 Veda Coughtrey Female 07/03/1992 4031518232 vcoughtrey7t@xing.com
283 North Slarke Male 25/09/1935 4036469034 nslarke7u@vistaprint.com
284 Dannye Gleave Female 04/02/2000 4037601155 dgleave7v@goodreads.com
285 Wolfie Breton Male 25/08/1998 4036382923 wbreton7w@canalblog.com
286 Charil Ellerbeck Female 04/12/1968 4032902501 cellerbeck7x@tinypic.com
287 Jermain Brachell Male 24/03/1987 4038898638 jbrachell7y@list-manage.com
288 Cosme Cragg Male 05/03/2011 4033248397 ccragg7z@earthlink.net
289 Rosita Gorner Female 26/11/1993 4037458280 rgorner80@ted.com
290 Dominick Cheek Male 14/08/2006 4034397854 dcheek81@e-recht24.de
291 Marie-ann Kidston Female 17/11/1947 4033711494 mkidston82@ehow.com
292 Sandy Critchard Male 16/02/2001 4039555750 scritchard83@ed.gov
293 Luigi Raatz Male 31/01/1971 4036325643 lraatz84@gizmodo.com
294 Cissiee Bompas Female 23/12/1943 4031016406 cbompas85@dailymotion.com
295 Imogene Yakob Female 05/03/1968 4037873973 iyakob86@about.me
296 Jordon Syder Male 17/10/1999 4031558707 jsyder87@abc.net.au
297 Annetta Frigout Female 13/02/1977 4032295088 afrigout88@apple.com
298 Rora Franceschi Female 11/01/1999 4033465771 rfranceschi89@yellowbook.com
299 Marlow Armes Male 29/12/1949 4035028358 marmes8a@angelfire.com
300 Kip Campelli Female 05/08/1945 4031830975 kcampelli8b@dropbox.com
301 Terra Gowland Female 29/12/1973 4034828319 tgowland8c@soundcloud.com
302 Jermaine Justun Male 20/02/1930 4039690732 jjustun8d@shutterfly.com
303 Branden Fawdry Male 11/10/1949 4038645834 bfawdry8e@weebly.com
304 Audy Duham Female 27/04/1969 4038560304 aduham8f@nature.com
305 Esta Domoney Female 02/03/2005 4037377917 edomoney8g@newyorker.com
306 Otto Gatchel Male 08/07/1956 4039473842 ogatchel8h@ucla.edu
307 Auguste Torricina Female 24/12/1969 4031062938 atorricina8i@sogou.com
308 Bernarr Paffot Male 14/09/1954 4036474955 bpaffot8j@mayoclinic.com
309 Kit Corsar Male 26/03/1972 4032526718 kcorsar8k@cnbc.com
310 Almire Broschek Female 30/01/1935 4035727865 abroschek8l@globo.com
311 Lee Nelane Female 08/09/1946 4037502172 lnelane8m@bbb.org
312 Veriee Orpen Female 18/04/2012 4039630687 vorpen8n@apple.com
313 Emeline Littleton Female 06/05/1987 4034307219 elittleton8o@cornell.edu
314 Mattheus Whitfeld Male 01/02/1950 4034197136 mwhitfeld8p@sciencedirect.com
315 Carolyne Firman Female 31/01/1934 4031449687 cfirman8q@xing.com
316 Allina Rumbelow Female 25/02/1961 4036540263 arumbelow8r@free.fr
317 Rozalie Litton Female 31/10/2005 4039672899 rlitton8s@google.de
318 Koenraad Capelow Male 15/01/1950 4031315391 kcapelow8t@linkedin.com
319 Gilligan Soltan Female 16/05/1981 4036026002 gsoltan8u@java.com
320 Port Dentith Male 29/04/1985 4036447905 pdentith8v@ca.gov
321 Edwin Wailes Male 13/04/1937 4036097113 ewailes8w@virginia.edu
322 Darcey Hawkins Female 29/08/1955 4031468306 dhawkins8x@huffingtonpost.com
323 Linnie Blencowe Female 27/06/1943 4031429352 lblencowe8y@salon.com
324 Robbyn Karlowicz Female 20/07/2002 4036552311 rkarlowicz8z@huffingtonpost.com
325 Tannie Fery Male 21/10/1960 4032108029 tfery90@freewebs.com
326 Fanchette Berggren Female 28/01/1981 4032510872 fberggren91@163.com
327 Goldina Ludee Female 23/06/1968 4032860606 gludee92@usda.gov
328 Ezra Cheetham Male 02/06/1930 4031153364 echeetham93@dyndns.org
329 Lovell VanDerWeedenburg Male 04/04/1980 4031239932 lovellv@mail.com
330 Clem Dullaghan Female 25/04/1995 4037853548 cdullaghan95@ovh.net
331 Freddie Crimpe Male 29/01/1952 4033089674 fcrimpe96@goodreads.com
332 Tommy Tingley Male 21/03/2009 4035162052 ttingley97@merriam-webster.com
333 Starlin Poor Female 23/01/1963 4038945452 spoor98@msu.edu
334 Maurizio Blamey Male 22/01/1975 4038347021 mblamey99@4shared.com
335 Cristin Pennyman Female 20/02/1986 4036486687 cpennyman9a@google.com
336 Holly Harkness Male 19/09/1984 4038764501 hharkness9b@usnews.com
337 Nicoline Akam Female 01/03/1947 4035585906 nakam9c@exblog.jp
338 Stafford Wyre Male 17/10/1949 4034317069 swyre9d@microsoft.com
339 Rebecca Standring Female 02/02/1997 4034136175 rstandring9e@artisteer.com
340 Yorke Toulamain Male 03/07/1987 4031550721 ytoulamain9f@arizona.edu
341 Park Diche Male 08/04/1951 4035372116 pdiche9g@imgur.com
342 Booth Jedrzejczyk Male 08/06/1983 4039021457 bjedrzejczyk9h@newyorker.com
343 Christophorus Beckers Male 16/07/1956 4032395870 cbeckers9i@scribd.com
344 Orton Harbach Male 05/06/1984 4035752324 oharbach9j@storify.com
345 Amalie Chaplain Female 11/01/2011 4036486153 achaplain9k@baidu.com
346 Rosa Tregoning Female 03/06/1960 4036938137 rtregoning9l@upenn.edu
347 Marjory Bosman Female 02/07/1974 4037068871 mbosman9m@opera.com
348 Ange White Male 08/05/1953 4039088896 awhite9n@ovh.net
349 Allison Barlthrop Female 12/09/1951 4034895400 abarlthrop9o@behance.net
350 Wake Whitesel Male 02/10/1946 4032089791 wwhitesel9p@cargocollective.com
351 Kort Smithend Male 26/07/2002 4031380319 ksmithend9q@hexun.com
352 Edin Ledwith Female 29/11/2002 4035210311 eledwith9r@gizmodo.com
353 Boyd Veevers Male 24/05/1942 4033623011 bveevers9s@google.com.br
354 Hildy Forri Female 22/10/1969 4034076957 hforri9t@webeden.co.uk
355 Rochelle Kenzie Female 23/10/1959 4037449321 rkenzie9u@mit.edu
356 Jody Hamsher Male 03/11/2001 4033313811 jhamsher9v@last.fm
357 Roi Donett Male 29/01/2010 4035717427 rdonett9w@phoca.cz
358 Gun Davidovitz Male 17/08/1947 4037646320 gdavidovitz9x@imageshack.us
359 Halette Colliber Female 11/01/1934 4038834998 hcolliber9y@tamu.edu
360 Lishe Cumberpatch Female 11/04/2007 4032603619 lcumberpatch9z@hp.com
361 Jessalin Hurtado Female 22/02/1963 4034736746 jhurtadoa0@spiegel.de
362 Audie Ridulfo Female 01/12/1969 4032718208 aridulfoa1@squidoo.com
363 Willy Postin Female 14/09/2002 4034318234 wpostina2@ed.gov
364 Korney Dickerson Female 13/03/1960 4037493026 kdickersona3@archive.org
365 Randolph Faltin Male 06/12/1995 4037622464 rfaltina4@furl.net
366 Riordan Chaffyn Male 09/09/1994 4034589769 rchaffyna5@ibm.com
367 Alicia Allcorn Female 10/04/1950 4036400434 aallcorna6@usatoday.com
368 Shannen Broxap Female 05/04/1971 4034065217 sbroxapa7@tamu.edu
369 Liliane Crafter Female 03/09/1991 4037089964 lcraftera8@prnewswire.com
370 Nydia Kirsopp Female 22/04/1970 4037562684 nkirsoppa9@dell.com
371 Gratia Sawell Female 01/08/2012 4038428195 gsawellaa@issuu.com
372 Chalmers Godfery Male 13/06/1986 4032149726 cgodferyab@chronoengine.com
373 Buddy Storcke Male 07/07/1982 4034028956 bstorckeac@stanford.edu
374 Alanson Drinkale Male 07/12/1987 4037563544 adrinkalead@intel.com
375 Aube Naul Male 23/09/1986 4035141091 anaulae@kickstarter.com
376 Bridie Dobel Female 31/03/1942 4031401557 bdobelaf@1688.com
377 Marcellina Lowder Female 21/05/1983 4037952679 mlowderag@usnews.com
378 Briggs Heinsen Male 19/02/1985 4038928769 bheinsenah@feedburner.com
379 Christabel Busain Female 19/02/2009 4033988897 cbusainai@jalbum.net
380 Clarence enzley Male 23/05/2007 4032339784 cenzleyaj@canalblog.com
381 Giordano Lynam Male 14/01/1971 4034349123 glynamak@si.edu
382 Abrahan Gomby Male 25/09/1976 4037524256 agombyal@archive.org
383 Gerik Cossem Male 03/09/1938 4039480466 gcossemam@uol.com.br
384 Korry Linfield Female 23/02/1964 4031168476 klinfieldan@usnews.com
385 Reuben Skeen Male 03/01/2013 4034327605 rskeenao@techcrunch.com
386 Dame Buss Male 15/06/1969 4034962828 dbussap@taobao.com
387 Papagena Pentelow Female 29/08/2009 4034867808 ppentelowaq@google.com.au
388 Carie Deschlein Female 22/12/1960 4032491158 cdeschleinar@imdb.com
389 Orelia North Female 27/12/1961 4033402000 onorthas@examiner.com
390 Bertrando Rampage Male 25/09/1949 4036727535 brampageat@cpanel.net
391 Stirling Finlow Male 27/06/1946 4033926014 sfinlowau@amazon.co.jp
392 Vidovic Landor Male 28/05/1981 4033304313 vlandorav@macromedia.com
393 Henry Russel Male 11/05/1931 4032098511 hrusselaw@thetimes.co.uk
394 Gustavus Bill Male 14/07/2008 4032490972 gbillax@miitbeian.gov.cn
395 Clemence Chicchelli Female 24/06/1930 4037197992 cchicchelliay@japanpost.jp
396 Monty Ricioppo Male 19/10/1999 4031058399 mricioppoaz@macromedia.com
397 Andre Phythien Male 25/04/2006 4033481883 aphythienb0@reference.com
398 Sara-ann Elce Female 30/11/1970 4033852958 selceb1@delicious.com
399 Rae MacKibbon Female 07/05/2004 4034035330 rmackibbonb2@sun.com
400 Anna-diane Garber Female 23/11/1934 4035908768 agarberb3@ow.ly
401 Benedicto McDuff Male 02/06/1970 4031384448 bmcduffb4@omniture.com
402 Tammie Giraudel Male 23/11/1999 4032708897 tgiraudelb5@mail.ru
403 Tobey Hambers Female 18/09/2001 4031554782 thambersb6@mediafire.com
404 Venus Plampeyn Female 11/11/1982 4033466478 vplampeynb7@1und1.de
405 Nye Ditter Male 11/10/1932 4033703339 nditterb8@list-manage.com
406 Isabelita Springate Female 03/03/1980 4037734741 ispringateb9@163.com
407 Major Berringer Male 30/09/1980 4035964482 mberringerba@disqus.com
408 Raimondo McCullen Male 28/04/1949 4031813364 rmccullenbb@pbs.org
409 Hy Wood Male 05/03/1969 4032779561 hwoodbc@issuu.com
410 Ivy VanCastele Female 28/01/2007 4033288098 castlevanivey@cbc.ca
411 Agathe Kirvell Female 14/03/1990 4033851051 akirvellbe@godaddy.com
412 Tally Muslim Male 02/01/2001 4038398077 tmuslimbf@java.com
413 Chrystel Golsthorp Female 23/03/1947 4035251490 cgolsthorpbg@sphinn.com
414 Jackelyn Gilbey Female 16/11/1977 4035094604 jgilbeybh@cmu.edu
415 Jessey Leavens Male 15/07/1994 4032496415 jleavensbi@redcross.org
416 Jaime Ellit Male 02/10/1976 4035839764 jellitbj@smugmug.com
417 Lucas Groger Male 31/07/1982 4034353754 lgrogerbk@ycombinator.com
418 Sidonia Meagher Female 18/08/1992 4035980397 smeagherbl@etsy.com
419 Marsiella McCorley Female 14/08/1991 4037268094 nccorleymarsiella@hotmail.com
420 Giffard Furmenger Male 01/01/1995 4033789848 gfurmengerbn@irs.gov
421 Jae Stitfall Male 20/04/1992 4036930615 jstitfallbo@who.int
422 Tiebout Mouat Male 30/07/1935 4032020358 tmouatbp@businessweek.com
423 Garrott Harte Male 26/10/1972 4039616882 ghartebq@deliciousdays.com
424 Lon Brakewell Male 03/02/1960 4039624247 lbrakewellbr@goo.ne.jp
425 Carlen McClune Female 24/04/1978 4035267184 cmcclunebs@blogspot.com
426 Shawna Vasiltsov Female 18/12/1940 4032159026 svasiltsovbt@delicious.com
427 Roger Espley Male 17/07/2010 4039765369 respleybu@canalblog.com
428 Carr Wilcock Male 03/11/1974 4036684479 cwilcockbv@redcross.org
429 Cassandra Bettles Female 29/11/1937 4036102233 cbettlesbw@thetimes.co.uk
430 Osbourne Wildman Male 11/08/1973 4032117740 owildmanbx@furl.net
431 Clemence Verling Female 10/09/1988 4036386034 cverlingby@discovery.com
432 Erma Farans Female 01/01/1941 4036614591 efaransbz@statcounter.com
433 Forster Dimont Male 16/10/2004 4038929734 fdimontc0@canalblog.com
434 Ravid Allman Male 11/12/1956 4036008320 rallmanc1@etsy.com
435 Griffin Clarricoates Male 12/09/1999 4035853742 gclarricoatesc2@deliciousdays.com
436 Darn Vassar Male 19/11/1972 4032169206 dvassarc3@oakley.com
437 Lyda OGiany Female 31/10/2000 4032091732 logianyc4@imdb.com
438 Glori Pumphrey Female 25/02/1946 4037083214 gpumphreyc5@163.com
439 Thatcher McSporon Male 22/08/2002 4035274930 tmcsporonc6@unblog.fr
440 Yoshi Lannon Female 28/02/1937 4039151777 ylannonc7@oaic.gov.au
441 Pedro Cowope Male 20/01/1969 4039611041 pcowopec8@newsvine.com
442 Raddie McLarnon Male 13/10/1951 4032344128 rmclarnonc9@taobao.com
443 Magdalene Dearing Female 12/11/2011 4039466680 mdearingca@zdnet.com
444 Kip Harcombe Female 25/12/2009 4039890166 kharcombecb@sphinn.com
445 Rina Dabs Female 13/12/1969 4031707902 rdabscc@sciencedirect.com
446 Jolene Palia Female 05/07/1945 4036299260 jpaliacd@github.io
447 Esra Lackie Male 26/07/2011 4036202149 elackiece@biglobe.ne.jp
448 Benito Rhyme Male 24/03/1954 4038708798 brhymecf@foxnews.com
449 Loralee Dewey Female 28/09/1956 4038930920 ldeweycg@ibm.com
450 Rudie Amor Male 08/03/1986 4031454664 ramorch@rediff.com
451 Liliane Wallsam Female 24/03/1975 4033205168 lwallsamci@apache.org
452 Francis Herreros Male 19/12/1993 4034552621 fherreroscj@xinhuanet.com
453 Adrienne Graver Female 06/05/2010 4032888529 agraverck@odnoklassniki.ru
454 Jean Chrisp Female 11/04/2004 4036736567 jchrispcl@shutterfly.com
455 Portie Hallex Male 27/02/2000 4037891790 phallexcm@weebly.com
456 Roderigo McCord Male 21/12/2000 4031803003 rmccordcn@nba.com
457 Rosana Pizzey Female 07/01/1943 4039199871 rpizzeyco@weather.com
458 Prinz Dowall Male 24/11/1947 4036103065 pdowallcp@dot.gov
459 Dodi Tett Female 24/10/2005 4032839349 dtettcq@marketwatch.com
460 Barbaraanne Firpo Female 29/01/2010 4037251003 bfirpocr@webs.com
461 Jacky Crewes Male 16/11/2004 4032731824 jcrewescs@dion.ne.jp
462 Durant Toretta Male 25/07/1979 4034166334 dtorettact@plala.or.jp
463 Jone Guiett Male 04/03/1956 4035677106 jguiettcu@sfgate.com
464 Arman Worwood Male 11/12/2009 4039153020 aworwoodcv@europa.eu
465 Mortie Zanetti Male 15/08/1948 4037557203 mzanetticw@stanford.edu
466 Johnathan Bohlens Male 12/01/1944 4031495958 jbohlenscx@booking.com
467 Hadria Feek Female 27/12/1975 4035852507 hfeekcy@ed.gov
468 Byron Bruntje Male 17/06/1944 4033633809 bbruntjecz@cbsnews.com
469 Barnabe Tungate Male 26/11/2000 4031322108 btungated0@hatena.ne.jp
470 Gordon Caroli Male 21/03/1967 4032990831 gcarolid1@sciencedaily.com
471 Valry Maudsley Female 06/08/1968 4032812873 vmaudsleyd2@google.pl
472 Sherrie Rosentholer Female 12/10/1934 4037258666 srosentholerd3@freewebs.com
473 Clim Savoury Male 09/01/1985 4034023711 csavouryd4@shutterfly.com
474 Horton Lyal Male 29/08/2010 4034172513 hlyald5@goodreads.com
475 Percy Keigher Male 06/03/1945 4039075602 pkeigherd6@flavors.me
476 Hewett Fowells Male 30/05/1956 4032759699 hfowellsd7@si.edu
477 Myrta Mattys Female 14/02/2010 4037063999 mmattysd8@amazonaws.com
478 Dane Lakin Male 14/08/1965 4035108905 dlakind9@apple.com
479 Orland Ales Male 11/12/2010 4037807935 oalesda@marketwatch.com
480 Joycelin Wedmore. Female 28/09/1956 4038820221 jwedmoredb@eventbrite.com
481 Abigail Creeber Female 02/06/1985 4031158451 acreeberdc@nih.gov
482 Raff Sheer Male 27/12/2000 4039634515 rsheerdd@123-reg.co.uk
483 Oby Dron Male 15/07/2004 4034643878 odronde@imageshack.us
484 Quincey Baraja Male 25/11/1999 4032414132 qbarajadf@theatlantic.com
485 Rickard Blackader Male 22/05/1945 4034621812 rblackaderdg@bigcartel.com
486 Brockie Mepsted Male 17/10/2010 4039816569 bmepsteddh@ox.ac.uk
487 Leland Wooles Female 20/08/1973 4038297539 lwoolesdi@last.fm
488 Jacobo Littlefield Male 29/05/2006 4039106275 jlittlefielddj@wikia.com
489 Belita Lodwick Female 08/11/2009 4033185467 blodwickdk@seesaa.net
490 Ofilia Gogin Female 12/05/1998 4037456339 ogogindl@uol.com.br
491 Allegra Blanche Female 31/12/1981 4037418769 ablanchedm@eventbrite.com
492 Gerda Langworthy Female 18/07/1973 4034894842 glangworthydn@wikipedia.org
493 Lottie Dreher Female 10/11/2000 4038615609 ldreherdo@taobao.com
494 Corene Pires Female 08/07/2010 4031638558 cpiresdp@yandex.ru
495 Maxwell Gopsill Male 28/09/1971 4033266458 mgopsilldq@twitter.com
496 Ronnie Vardy Male 14/10/1996 4035673441 rvardydr@wordpress.org
497 Warden Hubbold Male 20/07/1967 4031511088 whubboldds@hostgator.com
498 Verile Montgomery Female 14/04/2008 4038659780 vmontgomerydt@weebly.com
499 Bernardina Grzegorzewski Female 01/06/2002 4035527218 bgrzegorzewskidu@dagondesign.com
500 Hinda Mower Female 02/10/2007 4035636680 hmowerdv@aboutads.info
501 Wandis Samsonsen Female 30/01/1978 4036234568 wsamsonsendw@issuu.com
502 Trix Robun Female 26/01/1963 4037604832 trobundx@people.com.cn
503 Dougie Baden Male 02/07/2004 4038372396 dbadendy@histats.com
504 Garvy Edmeades Male 20/11/1975 4037496303 gedmeadesdz@wunderground.com
505 Linet Labba Female 30/06/1934 4033854527 llabbae0@hugedomains.com
506 Richy Kliesl Male 25/10/1985 4031665044 rkliesle1@usnews.com
507 Jonah Sowthcote Male 27/01/1948 4036275665 jsowthcotee2@springer.com
508 Craig Quincee Male 07/01/1965 4038822556 cquinceee3@unesco.org
509 Reginauld Feldhorn Male 18/01/1965 4036470738 rfeldhorne4@aol.com
510 Red McGee Male 15/10/1962 4037434907 rmcgeee5@toplist.cz
511 Brandon Thumim Male 26/07/1995 4036141586 bthumime6@springer.com
512 Herb Snellman Male 07/11/1932 4039365851 hsnellmane7@wunderground.com
513 Shaun Paroni Female 02/07/1978 4039186858 sparonie8@virginia.edu
514 Erastus Targetter Male 11/09/1973 4037490783 etargettere9@ning.com
515 Heriberto Cattini Male 08/06/1969 4031243996 hcattiniea@adobe.com
516 Ilyse Masdin Female 24/09/2001 4031261443 imasdineb@youtube.com
517 Corinne Lamburn Female 27/05/2000 4037207879 clamburnec@craigslist.org
518 Herb Josland Male 25/04/1940 4035238669 hjoslanded@google.ru
519 Ulrich Atto Male 10/12/1999 4038673479 uattoee@naver.com
520 Grannie Roisen Male 13/02/1964 4038914641 groisenef@posterous.com
521 Michail Apedaile Male 07/10/1938 4035486594 mapedaileeg@princeton.edu
522 Dalis Ornillos Male 14/10/1950 4036395021 dornilloseh@sbwire.com
523 Sherwynd Hadkins Male 29/06/1979 4032189986 shadkinsei@wix.com
524 Agata Mountford Female 13/07/1959 4036170872 amountfordej@sbwire.com
525 Dara McCooke Female 13/11/1995 4033349005 dmccookeek@telegraph.co.uk
526 Demetris Foyston Male 14/01/1989 4033581954 dfoystonel@umich.edu
527 Ibrahim McIlory Male 09/09/1960 4031899911 mi345@yahoo.com
528 Edmon OLeary Male 18/01/1985 4031376632 eolearyen@nih.gov
529 Fabiano Villiers Male 16/12/1971 4031659897 fvillierseo@bandcamp.com
530 Muhammad Hymans Male 26/05/2009 4036266192 mhymansep@theatlantic.com
531 Robinet Hawkeswood Female 12/11/1962 4034758780 rhawkeswoodeq@about.me
532 Iorgo Creer Male 15/05/1985 4032469451 icreerer@house.gov
533 Orsola Posnette Female 12/11/1986 4033444393 oposnettees@hao123.com
534 Damiano Filby Male 18/09/1937 4035797483 dfilbyet@wikispaces.com
535 Janelle Gavaghan Female 12/08/1934 4031134833 jgavaghaneu@deviantart.com
536 Mort Lotherington Male 08/08/1980 4031324082 mlotheringtonev@bloglines.com
537 Ross Hastwell Male 25/10/1989 4036567631 rhastwellew@theatlantic.com
538 Lena Gudgin Female 06/01/2000 4035572015 lgudginex@reference.com
539 Lurleen Shopcott Female 15/05/1998 4036581641 lshopcottey@comsenz.com
540 Stesha Taplin Female 05/01/1948 4039325130 staplinez@storify.com
541 Madella Ackenson Female 16/06/1937 4038908823 mackensonf0@constantcontact.com
542 Floria Woolf Female 09/01/1971 4039625185 fwoolff1@technorati.com
543 Fidelia Rattenberie Female 07/10/1955 4033470739 frattenberief2@wired.com
544 Laurice Livezey Female 20/06/1970 4034042804 llivezeyf3@comcast.net
545 Malanie Deal Female 14/06/2000 4031081332 mdealf4@google.co.uk
546 Celle Wrey Female 16/12/2012 4038483566 cwreyf5@geocities.jp
547 Mort Featherston Male 05/04/1968 4031287087 mfeatherstonf6@freewebs.com
548 Hanna De Ath Female 07/10/1985 4035077446
549 Isac Bruyntjes Male 10/06/2001 4038171361 ibruyntjesf8@google.com.br
550 Milly Waters Female 02/07/1955 4036463150 mwatersf9@ucoz.com
551 Heriberto Gartside Male 17/02/2005 4031691646 hgartsidefa@pcworld.com
552 Madel Matisoff Female 14/04/1990 4032032624 mmatisofffb@slashdot.org
553 Emmalyn Pretsel Female 22/02/1934 4034048753 epretselfc@wufoo.com
554 Art Tyrrell Male 03/08/2005 4038677815 atyrrellfd@reddit.com
555 Zacharie Osgorby Male 11/11/1977 4036238073 zosgorbyfe@tinyurl.com
556 Babara Sayward Female 14/08/1943 4034011450 bsaywardff@toplist.cz
557 Reed Elwyn Male 22/12/1998 4034289263 relwynfg@w3.org
558 Kandy Dunthorn Female 25/02/1955 4031512343 kdunthornfh@weather.com
559 Lelia Manby Female 17/11/1983 4031472174 lmanbyfi@hugedomains.com
560 Lilla Sherebrook Female 16/10/2005 4037743862 lsherebrookfj@canalblog.com
561 Ferguson Henstone Male 12/01/1974 4034921260 fhenstonefk@ameblo.jp
562 Tomkin Hannah Male 23/02/1967 4039977552 thannahfl@mapy.cz
563 Mayer Scandwright Male 01/06/1972 4036046790 mscandwrightfm@quantcast.com
564 Rudyard Rahlof Male 07/03/1947 4031050637 rrahloffn@booking.com
565 Lorrin Petkens Female 01/07/1946 4032477569 lpetkensfo@disqus.com
566 Emanuele Summerson Male 15/05/1997 4038258754 esummersonfp@elpais.com
567 Brenn Milleton Female 17/04/1949 4032183727 bmilletonfq@senate.gov
568 Tedd Presland Male 20/08/1997 4039402275 tpreslandfr@ihg.com
569 Gisela Monkton Female 25/09/1947 4031724039 gmonktonfs@toplist.cz
570 Teresita Cardoe Female 01/09/1950 4032311298 tcardoeft@salon.com
571 Rudy Brotherheed Male 04/08/1960 4038443822 rbrotherheedfu@buzzfeed.com
572 Guendolen Lawlor Female 17/04/2005 4033205452 glawlorfv@vimeo.com
573 Myrlene Bolwell Female 03/01/1989 4032331967 mbolwellfw@washington.edu
574 Gayle Gillimgham Female 22/08/1961 4037476751 ggillimghamfx@twitpic.com
575 Fawne Canon Female 24/03/1998 4035875129 fcanonfy@mail.ru
576 Joannes Lamba Female 26/10/1984 4037113781 jlambafz@shinystat.com
577 Zachariah Money Male 30/01/1974 4039787645 zmoneyg0@howstuffworks.com
578 Wilhelmine Sansome Female 08/02/1953 4037178745 wsansomeg1@abc.net.au
579 Jemmie Hatcher Female 17/04/1982 4032434762 jhatcherg2@hhs.gov
580 Brooke Scotland Male 01/04/1978 4038896187 bscotlandg3@etsy.com
581 Christoforo deTocqueville Male 24/08/1930 4039982577 chrisdeto@live.ca
582 Jermaine Denham Male 26/10/1976 4036898971 jdenhamg5@pcworld.com
583 Gaspar Mallia Male 11/10/1951 4032419960 gmalliag6@seattletimes.com
584 Ced Osgood Male 01/11/1999 4032895523 cosgoodg7@cdc.gov
585 Tressa Pull Female 24/05/1951 4035598803 tpullg8@sourceforge.net
586 Rudolph Durek Male 06/08/1993 4038341377 rdurekg9@alibaba.com
587 Doralynn Seacombe Female 10/09/1968 4036409757 dseacombega@bloomberg.com
588 Anderson Wipfler Male 08/05/2009 4033646074 awipflergb@jiathis.com
589 Anatollo Larchier Male 27/08/1997 4031184446 alarchiergc@nba.com
590 Leopold Magill Male 13/07/1931 4031182096 lmagillgd@jalbum.net
591 Mahmud Fry Male 18/05/1980 4034522663 mfryge@ucoz.com
592 Blaire DiBiasio Female 02/09/1985 4039920627 blairedb@gmail.com
593 Olive Heaseman Female 03/09/1991 4037103606 oheasemangg@kickstarter.com
594 Philippe Searston Female 27/09/1974 4035705868 psearstongh@exblog.jp
595 Briny Scholar Female 20/03/1959 4038206319 bscholargi@mozilla.org
596 Ches Kilty Male 17/07/1953 4034071109 ckiltygj@etsy.com
597 Laurel Parley Female 18/11/2002 4035896043 lparleygk@irs.gov
598 Benetta Jolliss Female 02/01/1954 4033486301 bjollissgl@ocn.ne.jp
599 Joly Elsby Female 10/10/2007 4031325613 jelsbygm@mozilla.org
600 Esteban Hodjetts Male 26/01/1967 4034427389 ehodjettsgn@mapy.cz
601 Vivi Vidgeon Female 18/03/1930 4036843262 vvidgeongo@marriott.com
602 Shelbi Ounsworth Female 15/07/1984 4039305005 sounsworthgp@sitemeter.com
603 Herb Glashby Male 13/03/1975 4038645194 hglashbygq@nhs.uk
604 Cordie Brislawn Female 14/08/2007 4037299395 cbrislawngr@patch.com
605 Wren Duke Female 24/12/1985 4032889714 wdukegs@imageshack.us
606 Leelah Joynson Female 25/04/1978 4039059406 ljoynsongt@biglobe.ne.jp
607 Claudianus Trevear Male 06/01/1961 4031108186 ctreveargu@yelp.com
608 Jason Paddle Male 20/01/1939 4036488551 jpaddlegv@google.pl
609 Curcio Bartusek Male 14/11/2006 4035663303 cbartusekgw@edublogs.org
610 Zarla Bagott Female 16/08/1981 4038547848 zbagottgx@wix.com
611 Ceil Lermit Female 09/01/2011 4037730974 clermitgy@yandex.ru
612 Meir Campbell Male 03/08/1988 4032807701 mcampbellgz@smh.com.au
613 Doro Million Female 06/05/2002 4032641241 dmillionh0@newyorker.com
614 Tresa Sheers Female 24/10/1956 4032600481 tsheersh1@amazon.de
615 Ambrose Housecraft Male 06/07/1990 4031125679 ahousecrafth2@twitter.com
616 Thurstan VandeVlies Male 16/09/2007 403838487 thurstanvandervlies@mail.com
617 Paola Guilfoyle Female 20/09/1963 4038565447 pguilfoyleh4@instagram.com
618 Carmon Inge Female 21/10/1944 4032561886 cingeh5@phpbb.com
619 Vivyan Hathorn Female 22/02/1987 4038601323 vhathornh6@hud.gov
620 Dwight Townsley Male 03/04/2005 4039604892 dtownsleyh7@xinhuanet.com
621 Mellisa Northover Female 09/02/2013 4037324544 mnorthoverh8@vistaprint.com
622 Colin Rucklesse Male 29/02/1948 4031714597 crucklesseh9@fc2.com
623 Haze Bremley Male 22/10/1935 4032784713 hbremleyha@salon.com
624 Maurene Petyt Female 20/04/2005 4031158032 mpetythb@ameblo.jp
625 Coralyn Bradane Female 16/09/1997 4031105258 cbradanehc@ca.gov
626 Darda Pickthorn Female 21/07/1940 4037436862 dpickthornhd@t.co
627 Homere Taig Male 22/03/1980 4037082467 htaighe@msn.com
628 Lorant Linney Male 12/09/1958 4037836157 llinneyhf@slashdot.org
629 Emelina Lorraway Female 21/08/2009 4034841452 elorrawayhg@drupal.org
630 Isiahi Deluze Male 09/10/1981 4037211850 ideluzehh@wix.com
631 Althea Screase Female 04/12/1933 4038962280 ascreasehi@123-reg.co.uk
632 Chery Monier Female 23/01/2010 4038396892 cmonierhj@soundcloud.com
633 Dorice Eslemont Female 14/02/1997 4033157199 deslemonthk@ifeng.com
634 Frazer Bendig Male 23/08/1963 4034501982 fbendighl@google.fr
635 Deck Hadcock Male 02/02/1997 4032503272 dhadcockhm@vinaora.com
636 Daniele Perryman Female 21/10/1951 4035762785 dperrymanhn@sitemeter.com
637 Barth Goatman Male 04/11/1986 4036618417 bgoatmanho@arizona.edu
638 Lucila Pfiffer Female 15/05/2008 4033918896 lpfifferhp@wikipedia.org
639 Veronica Conigsby Female 17/09/1974 4039436213 vconigsbyhq@elpais.com
640 Hyman Foltin Male 01/08/1935 4032144325 hfoltinhr@privacy.gov.au
641 Monique Hansley Female 12/05/2004 4039159147 mhansleyhs@narod.ru
642 Lancelot Dreghorn Male 09/05/1993 4037061631 ldreghornht@ifeng.com
643 Stephannie Sidry Female 31/07/2010 4036843402 ssidryhu@statcounter.com
644 Daisy Smorfit Female 01/07/1958 4032109082 dsmorfithv@cdc.gov
645 Glyn Randall Female 24/05/1945 4035970761 grandallhw@linkedin.com
646 Gard Marrow Male 31/10/1970 4032828160 gmarrowhx@hibu.com
647 Anny McQuaker Female 19/11/1964 4036648371 amcquakerhy@t.co
648 Ekaterina Seatter Female 22/06/2009 4035160331 eseatterhz@nytimes.com
649 Ag Hundell Female 07/07/1996 4032637202 ahundelli0@tripadvisor.com
650 Paquito Cicero Male 10/10/1953 4033980921 pciceroi1@dailymail.co.uk
651 Bette-ann Ralling Female 22/08/1964 4039657450 brallingi2@twitter.com
652 Carolyne Taw Female 05/02/1992 4038195814 ctawi3@pagesperso-orange.fr
653 Brenda Tremblot Female 27/07/1992 4036619172 btrembloti4@i2i.jp
654 Bernetta Grim Female 22/01/1932 4033264471 bgrimi5@comsenz.com
655 Forester Breming Male 28/12/1987 4039130341 fbremingi6@ca.gov
656 Andrea Neesam Female 21/06/2006 4031421039 aneesami7@reuters.com
657 Xena Harrower Female 17/12/1972 4034781133 xharroweri8@indiegogo.com
658 Marrilee Bastide Female 28/11/1946 4034736079 mbastidei9@discovery.com
659 Max Derry Male 23/10/1937 4039264405 mderryia@quantcast.com
660 Jerry Geillier Male 23/01/1931 4036571662 jgeillierib@xing.com
661 Geralda Dudman Female 22/04/1957 4039389338 gdudmanic@pbs.org
662 Rubi Bishopp Female 06/08/1968 4035871175 rbishoppid@stumbleupon.com
663 Normy Betje Male 27/11/1988 4035984791 nbetjeie@com.com
664 Nelli Desouza Female 22/12/1947 4035121399 ndesouzaif@google.co.uk
665 Carlie Vedikhov Female 27/04/2004 4037364013 cvedikhovig@yellowbook.com
666 Jephthah Dagless Male 08/02/1996 4037277880 jdaglessih@miitbeian.gov.cn
667 Jolie OFinan Female 03/09/1997 4039882592 jfinan@twitch.com
668 Joella Gay Female 20/05/1947 4034770759 jgayij@usda.gov
669 Fredric Shay Male 18/10/1995 4034897893 fshayik@umich.edu
670 Rhoda Wickey Female 12/03/1966 4032678382 rwickeyil@mac.com
671 Matthiew Tawn Male 14/09/1982 4034195337 mtawnim@bizjournals.com
672 Oneida Durrett Female 08/05/1932 4038647323 odurrettin@paypal.com
673 Tiphani Elsley Female 20/11/2004 4033804788 telsleyio@comcast.net
674 Viviana Haylands Female 10/08/2008 4033739594 vhaylandsip@godaddy.com
675 Westbrooke Greeno Male 22/07/1930 4033064716 wgreenoiq@biblegateway.com
676 Delinda Cleave Female 19/10/2010 4032130133 dcleaveir@myspace.com
677 Cally Propper Female 01/07/1939 4036695019 cpropperis@unesco.org
678 Beverly Iskowitz Female 16/10/1982 4032123579 biskowitzit@flickr.com
679 Bel Dawdry Female 09/10/1981 4034321683 bdawdryiu@yelp.com
680 Cristie Gheorghie Female 08/04/1958 4034342787 cgheorghieiv@bloglovin.com
681 Hewitt Tomasian Male 25/12/1973 4032813107 htomasianiw@jiathis.com
682 Clemmie Marikhin Female 14/10/2010 4035068318 cmarikhinix@yelp.com
683 Costa Duncanson Male 02/08/1982 4034114436 cduncansoniy@ucla.edu
684 Darrin Phipps Male 13/11/1957 4036275603 dphippsiz@digg.com
685 Eben Cund Male 05/08/1997 4035441194 ecundj0@statcounter.com
686 Cammi Brandrick Female 03/03/1956 4031456612 cbrandrickj1@skyrock.com
687 Moe Novotni Male 03/07/2012 4033973354 mnovotnij2@macromedia.com
688 Judie Ronayne Female 26/06/1977 4038719648 jronaynej3@dailymotion.com
689 Philly Obispo Female 19/01/1971 4035520495 pobispoj4@about.com
690 Kelsey Worsell Female 27/04/1976 4033930789 kworsellj5@ebay.com
691 Jeremie Poutress Male 10/10/1979 4032775625 jpoutressj6@vimeo.com
692 Bay Jedryka Male 27/11/1968 4034202566 bjedrykaj7@ifeng.com
693 Adella Ridge Female 20/07/2003 4039000437 aridgej8@earthlink.net
694 Demetris Neeves Male 22/04/1931 4035856999 dneevesj9@mashable.com
695 Chrotoem Brader Male 12/04/1994 4036941763 cbraderja@webmd.com
696 Maurine Clemintoni Female 11/05/2003 4032148313 mclemintonijb@ovh.net
697 Blake Kreuzer Male 02/12/1938 4035216771 bkreuzerjc@google.ru
698 Mei Cubbin Female 25/01/1988 4032983472 mcubbinjd@umn.edu
699 Brent Thairs Male 16/12/1998 4036173154 bthairsje@dot.gov
700 Rici Lilliman Female 21/10/1998 4034063046 rlillimanjf@timesonline.co.uk
701 Ronna Hackly Female 26/07/1949 4035366180 rhacklyjg@admin.ch
702 Pauli William Female 26/01/2008 4034493392 pwilliamjh@woothemes.com
703 Lizbeth Paskins Female 11/03/2007 4039651140 lpaskinsji@flickr.com
704 Odo Cavilla Male 08/05/1986 4036349101 ocavillajj@macromedia.com
705 Scarface Drable Male 02/11/1937 4031920839 sdrablejk@ucsd.edu
706 Kimbra Buterton Female 27/01/1984 4032581605 kbutertonjl@vk.com
707 Brittney Perigeaux Female 04/05/1951 4036758208 bperigeauxjm@opensource.org
708 Konstanze Birt Female 28/05/1971 4039256448 kbirtjn@mac.com
709 Willi Skitch Female 18/11/2002 4039466775 wskitchjo@fc2.com
710 Lombard Pannett Male 30/09/1997 4032811163 lpannettjp@behance.net
711 Tobiah Toke Male 30/12/2010 4033801217 ttokejq@constantcontact.com
712 Simeon Giral Male 03/10/1975 4037651742 sgiraljr@typepad.com
713 Ammamaria Woodfine Female 03/01/1944 4033855581 awoodfinejs@ycombinator.com
714 Fredrika Christopher Female 05/08/1985 4034190704 fchristopherjt@merriam-webster.com
715 Brannon Oleshunin Male 29/03/1993 4036613727 boleshuninju@about.me
716 Zachariah Kindleysides Male 07/10/1931 4032065809 zkindleysidesjv@cafepress.com
717 Lucien Ellacott Male 21/12/1962 4036789427 lellacottjw@chicagotribune.com
718 Niles Briskey Male 10/04/1962 4038716859 nbriskeyjx@over-blog.com
719 Isa Yeo Female 10/05/1945 4033130411 iyeojy@google.com.hk
720 Alfie Gethouse Male 15/08/1964 4032051856 agethousejz@narod.ru
721 Jayme Sharpling Female 22/10/1980 4033263839 jsharplingk0@taobao.com
722 Antonietta Dewsbury Female 14/12/1980 4035747460 adewsburyk1@networksolutions.com
723 Cassie Gerrelt Male 19/10/1990 4037196634 cgerreltk2@amazon.de
724 Arthur Toulch Male 22/05/1972 4034315552 atoulchk3@globo.com
725 Melba Dawson Female 31/12/1990 4039098946 mdawsonk4@live.com
726 Alexandre Rhucroft Male 06/04/1962 4039844880 arhucroftk5@cdc.gov
727 Lester Sergeant Male 16/05/1996 4034142255 lsergeantk6@pcworld.com
728 Peyton Bracey Male 12/06/1941 4036294696 pbraceyk7@loc.gov
729 Alina Fairy Female 25/03/1948 4036425171 afairyk8@github.com
730 Othello Colquite Male 25/06/1954 4036565067 ocolquitek9@t.co
731 Bobbie Patters Female 20/02/1959 4038715567 bpatterska@networkadvertising.org
732 Isadore Crudginton Male 18/10/1932 4038361339 icrudgintonkb@pcworld.com
733 Kacey Congreave Female 11/05/1937 4034217229 kcongreavekc@amazonaws.com
734 Candis Chattell Female 27/10/1957 4035067945 cchattellkd@techcrunch.com
735 Berky Silvester Male 03/11/1979 4033461904 bsilvesterke@nsw.gov.au
736 Farrel Ibbitt Male 26/05/1955 4037041000 fibbittkf@addtoany.com
737 Weber Classen Male 15/11/2008 4037030910 wclassenkg@cbslocal.com
738 Trev Ledstone Male 15/10/1943 4031435159 tledstonekh@rambler.ru
739 Mellisa Yanson Female 26/06/1930 4034135535 myansonki@cisco.com
740 Trixie Leversuch Female 10/07/1965 4032568194 tleversuchkj@nytimes.com
741 Agathe Stamper Female 25/04/1955 4032681469 astamperkk@wisc.edu
742 Smitty Dennehy Male 04/11/1954 4033693422 sdennehykl@pbs.org
743 Joya Vallantine Female 13/07/1958 4034564537 jvallantinekm@fda.gov
744 Emmy Mico Male 18/10/1939 4033089292 emicokn@forbes.com
745 Alec Mattussevich Male 08/03/1938 4032591917 amattussevichko@icio.us
746 Devin Soule Female 09/08/1968 4037166848 dsoulekp@bbb.org
747 Delora Figliovanni Female 11/06/2007 4038019640 dfigliovannikq@storify.com
748 Mac Hendonson Male 27/02/2012 4037440053 mhendonsonkr@vimeo.com
749 Noby Philp Male 01/07/1961 4038046884 nphilpks@guardian.co.uk
750 Isis Danett Female 04/09/1942 4031314002 idanettkt@geocities.jp
751 Raina Kilmister Female 30/03/1961 4034399742 rkilmisterku@ehow.com
752 Cecilio Akred Male 31/05/1932 4033230838 cakredkv@prnewswire.com
753 Melisse Trundler Female 26/11/2008 4038813863 mtrundlerkw@free.fr
754 Kristo Pesticcio Male 10/01/1942 4031832441 kpesticciokx@upenn.edu
755 Mahmud Fearenside Male 21/04/2002 4035193722 mfearensideky@wix.com
756 Bing Slimm Male 08/01/1964 4039832040 bslimmkz@usnews.com
757 Alex McCaster Male 13/07/1937 4039575418 amccasterl0@simplemachines.org
758 Raphaela Finlaison Female 21/12/1999 4032106276 rfinlaisonl1@amazon.de
759 Goddart Wevell Male 16/07/1935 4037966194 gwevelll2@wikia.com
760 Rikki Kalberer Male 20/03/1941 4034194197 rkalbererl3@virginia.edu
761 Nap Zorener Male 02/02/1950 4037419725 nzorenerl4@diigo.com
762 Eilis Grierson Female 23/09/1973 4039339518 egriersonl5@dailymotion.com
763 Blithe Maywood Female 12/05/1976 4032857216 bmaywoodl6@marriott.com
764 Torrin Thick Male 06/06/1993 4031826048 tthickl7@storify.com
765 Farley Bellinger Male 23/03/1980 4039613100 fbellingerl8@newyorker.com
766 Renata Anselmi Female 02/06/1977 4034905163 ranselmil9@sogou.com
767 Stern Rimell Male 29/08/1949 4033955681 srimellla@google.com.au
768 Riley Attwoul Male 29/07/1991 4032123868 rattwoullb@tinyurl.com
769 Consuela Deware Female 26/02/2009 4032815337 cdewarelc@nytimes.com
770 Lindon Prestedge Male 12/10/2004 4033121270 lprestedgeld@webnode.com
771 Zane Gaul Male 21/05/1957 4038460912 zgaulle@scribd.com
772 Tiebout Swaite Male 03/09/2002 4036548252 tswaitelf@people.com.cn
773 Giacopo Skin Male 05/02/1956 4038100934 gskinlg@jalbum.net
774 Orland Sausman Male 15/05/2010 4034973460 osausmanlh@amazon.de
775 Allissa Duerden Female 01/01/1998 4033039870 aduerdenli@amazon.co.uk
776 Ferdy Moens Male 26/02/1931 4036349153 fmoenslj@phoca.cz
777 Bertina Haselup Female 08/01/1958 4037355120 bhaseluplk@illinois.edu
778 Llewellyn Kellet Male 21/08/1970 4039694253 lkelletll@so-net.ne.jp
779 Ethelin Japp Female 30/08/1955 4036254704 ejapplm@comcast.net
780 Warde Bowart Male 20/10/1976 4033764394 wbowartln@xinhuanet.com
781 Nicolina Foote Female 27/11/1954 4031941297 nfootelo@instagram.com
782 Garret Newiss Male 14/04/1979 4037080512 gnewisslp@networksolutions.com
783 Palm Trodd Male 21/06/2009 4031102086 ptroddlq@wikipedia.org
784 Nolana Bartelli Female 08/11/2001 4037311080 nbartellilr@godaddy.com
785 Jeannine Stacy Female 27/04/1992 4032150910 jstacyls@un.org
786 Boyce Schrader Male 10/08/1996 4037758654 bschraderlt@narod.ru
787 Annelise Lawrie Female 13/04/1985 4036049787 alawrielu@pinterest.com
788 Sterling Giorgielli Male 14/08/2005 4037100887 sgiorgiellilv@loc.gov
789 Petronilla MacGorley Female 10/11/1932 4035654797 pmacgorleylw@nih.gov
790 Tobe Jantel Female 23/04/2011 4036828591 tjantellx@jiathis.com
791 Maxi Esch Female 31/05/2004 4036500516 meschly@wisc.edu
792 Crysta Mannock Female 03/10/1967 4036953229 cmannocklz@nhs.uk
793 Pegeen Oseman Female 13/11/1992 4032164312 posemanm0@creativecommons.org
794 Stephi Goodwyn Female 09/07/1938 4031443223 sgoodwynm1@nps.gov
795 Bel Piwell Female 16/05/1985 4032662873 bpiwellm2@nba.com
796 Thaxter Hutchence Male 26/06/1940 4032519366 thutchencem3@wufoo.com
797 Fanni Gilson Female 16/10/1943 4037039680 fgilsonm4@amazonaws.com
798 Jack Sherborne Male 19/11/1945 4036022782 jsherbornem5@tiny.cc
799 Reg Grebert Male 18/06/2010 4038922709 rgrebertm6@va.gov
800 Minor Saltrese Male 16/05/1989 4035211072 msaltresem7@netlog.com
801 Melisa Smitheram Female 28/05/1989 4031368304 msmitheramm8@statcounter.com
802 Sabina Lowres Female 31/07/1968 4036642369 slowresm9@webeden.co.uk
803 Kayla Farron Female 07/05/1934 4035519624 kfarronma@pbs.org
804 Elmira Rozanski Female 09/08/1945 4037819457 erozanskimb@nature.com
805 Waylon Iiannoni Male 17/01/1941 4037325755 wiiannonimc@twitpic.com
806 Abra Storror Female 04/05/1991 4038075943 astorrormd@ed.gov
807 Liva Lindeboom Female 27/05/1951 4032739728 llindeboomme@cafepress.com
808 Adolpho Emlin Male 01/04/1972 4031501964 aemlinmf@npr.org
809 Roanna Hellin Female 17/02/1954 4038427242 rhellinmg@epa.gov
810 Milo Jackes Male 20/11/1949 4039238963 mjackesmh@japanpost.jp
811 Ryann Milius Female 02/07/1975 4038126806 rmiliusmi@privacy.gov.au
812 Sebastien Domenici Male 23/03/1975 4039992650 sdomenicimj@samsung.com
813 Aldwin Marsy Male 05/03/1935 4037586207 amarsymk@symantec.com
814 Lizbeth Randlesome Female 07/11/1996 4031674888 lrandlesomeml@flavors.me
815 Ruperta Lamboll Female 25/10/1935 4036786510 rlambollmm@ebay.com
816 Ellsworth Job Male 18/05/1981 4036678425 ejobmn@whitehouse.gov
817 Cammi Tembridge Female 18/09/1935 4036507882 ctembridgemo@aboutads.info
818 Tracey Syrad Male 22/11/1944 4038013395 tsyradmp@cbslocal.com
819 Cordell Canfer Male 23/06/1992 4034263784 ccanfermq@fc2.com
820 Rog Dottridge Male 12/12/1937 4031432303 rdottridgemr@ca.gov
821 Antoine Colborn Male 13/12/1986 4038260192 acolbornms@networkadvertising.org
822 Ana Barbary Female 14/09/1996 4039737038 abarbarymt@yale.edu
823 Nissy Sanpere Female 08/10/1945 4038993265 nsanperemu@google.fr
824 Alaster Kenn Male 19/01/1984 4038146364 akennmv@dagondesign.com
825 Larry Hurcombe Male 05/06/2004 4033825117 lhurcombemw@mac.com
826 Cristobal Michin Male 16/01/1988 4038772476 cmichinmx@wp.com
827 Amara Padefield Female 18/02/1945 4034417765 apadefieldmy@weather.com
828 Ruttger Casero Male 08/08/1954 4038230432 rcaseromz@bizjournals.com
829 Gerrilee Arnoud Female 20/10/1981 4033328652 garnoudn0@accuweather.com
830 Ambrose Rogans Male 25/05/2007 4034181141 arogansn1@blinklist.com
831 Eloisa Caddick Female 25/03/1968 4033767288 ecaddickn2@paginegialle.it
832 Alvy McDunlevy Male 26/01/1998 4034836719 amcdunlevyn3@friendfeed.com
833 Jobyna Ferenczy Female 08/12/1952 4036645446 jferenczyn4@sourceforge.net
834 Rosemarie Pobjay Female 22/10/1936 4034211244 rpobjayn5@zdnet.com
835 Thurston Hirtzmann Male 18/04/1998 4038133741 thirtzmannn6@163.com
836 Cassandry Burke Female 18/03/1949 4032459369 cburken7@google.fr
837 Gweneth Jane Female 02/06/1958 4032859293 gjanen8@e-recht24.de
838 Andeee Standidge Female 18/03/1968 4039291613 astandidgen9@lulu.com
839 Onfre Battrum Male 13/07/1982 4037251014 obattrumna@pbs.org
840 Montague Marton Male 20/06/1952 4037178533 mmartonnb@marketwatch.com
841 Jacobo Leipoldt Male 14/11/1992 4032942449 jleipoldtnc@who.int
842 Candis Wealthall Female 04/04/2007 4035167861 cwealthallnd@163.com
843 Helge Bullan Female 11/05/1993 4036747375 hbullanne@cornell.edu
844 Kingston Rossbrook Male 01/11/1977 4038105591 krossbrooknf@opensource.org
845 Jolene Matskevich Female 28/11/1959 4037833616 jmatskevichng@nyu.edu
846 Margette Spurett Female 15/03/1999 4032292093 mspurettnh@wix.com
847 Gordy Gauvain Male 23/09/1980 4037611434 ggauvainni@photobucket.com
848 Adena Sherbrook Female 27/09/1935 4039356390 asherbrooknj@pen.io
849 Benjamin Joel Male 17/05/1966 4038226592 bjoelnk@mayoclinic.com
850 Wiatt Sapsed Male 01/11/1964 4035784995 wsapsednl@examiner.com
851 Ambur Algy Female 11/03/1941 4036444193 aalgynm@twitpic.com
852 Jacky Baynton Female 27/05/1987 4034627579 jbayntonnn@pagesperso-orange.fr
853 Linnet Matussow Female 26/05/1983 4037847868 lmatussowno@statcounter.com
854 Alfie Tomaszczyk Female 26/08/1931 4037686180 atomaszczyknp@berkeley.edu
855 Morrie Doe Male 27/11/1957 4031763732 mdoenq@samsung.com
856 Marjie Flather Female 05/08/1961 4034260362 mflathernr@auda.org.au
857 Karly Lindro Female 27/11/1978 4036284234 klindrons@wix.com
858 Wallie Slobom Male 12/05/2002 4035678577 wslobomnt@geocities.com
859 Lisabeth DeLIsle Female 30/06/1999 4032977282 lisa123@outlook.com
860 Sonny Backen Female 31/12/1946 4034910741 sbackennv@list-manage.com
861 Toinette Luciano Female 29/04/1931 4035726185 tlucianonw@opera.com
862 Harmon McTeer Male 11/10/1932 4039054956 hmcteernx@cbslocal.com
863 Madelaine Wollacott Female 01/06/1978 4034917905 mwollacottny@cornell.edu
864 Amby Cuthbert Male 22/03/2011 4038910143 acuthbertnz@github.com
865 Rafferty Comberbach Male 06/08/1939 4039172828 rcomberbacho0@fastcompany.com
866 Obed Jerram Male 10/10/2005 4039719109 ojerramo1@nymag.com
867 Nanine Dulany Female 15/11/1946 4035498215 ndulanyo2@skype.com
868 Annice Vasovic Female 19/01/1984 4036618024 avasovico3@geocities.com
869 Sena Stanlack Female 06/01/1993 4036207169 sstanlacko4@marketwatch.com
870 Murvyn Farrier Male 18/04/1965 4032983738 mfarriero5@instagram.com
871 Maiga Armstead Female 04/07/1932 4036340474 marmsteado6@odnoklassniki.ru
872 Flossi Doget Female 28/09/1993 4033335992 fdogeto7@hugedomains.com
873 Wren Matyas Female 15/05/1967 4036124670 wmatyaso8@theguardian.com
874 Curcio Merrett Male 20/07/1930 4033767768 cmerretto9@usda.gov
875 Goddart Gravet Male 18/07/2009 4032058570 ggravetoa@printfriendly.com
876 Nicky Clemes Male 09/02/1973 4031765260 nclemesob@nasa.gov
877 Hattie Tibbits Female 27/10/1985 4035325744 htibbitsoc@weather.com
878 Grethel Knellen Female 17/02/1935 4034099398 gknellenod@typepad.com
879 Glen Dunning Female 22/11/1960 4036594582 gdunningoe@storify.com
880 Garreth Laver Male 29/11/2001 4032864606 glaverof@ca.gov
881 Mayor Romanini Male 30/08/1949 4036189804 mromaniniog@1und1.de
882 Robinett Ronnay Female 29/06/2001 4038662778 rronnayoh@linkedin.com
883 Udall Coatsworth Male 21/02/1974 4039385797 ucoatsworthoi@boston.com
884 Charmine Ebden Female 28/05/2001 4039077284 cebdenoj@cdbaby.com
885 Mannie Blakeborough Male 22/09/1931 4038752637 mblakeboroughok@ning.com
886 Matti Alman Female 26/09/1966 4033504824 malmanol@upenn.edu
887 Judd Coopman Male 28/01/1975 4035996618 jcoopmanom@army.mil
888 Coretta Edling Female 02/10/1984 4038250908 cedlingon@mozilla.com
889 Timi Kerner Female 18/01/1951 4032435630 tkerneroo@redcross.org
890 Lemmie Jollye Male 05/09/1952 4033819122 ljollyeop@archive.org
891 Thibaud Strethill Male 18/01/1965 4032484589 tstrethilloq@twitpic.com
892 Antonius Eefting Male 03/02/1936 4031507140 aeeftingor@go.com
893 Veradis Lelliott Female 14/08/1947 4033380588 vlelliottos@marketwatch.com
894 Darcie Grimston Female 15/07/1989 4031265445 dgrimstonot@cdc.gov
895 Elly Maloney Female 24/02/1975 4037176072 emaloneyou@g.co
896 Marianna Muzzi Female 03/01/1974 4038736960 mmuzziov@pagesperso-orange.fr
897 Sallee Rivaland Female 30/08/1943 4036208014 srivalandow@bluehost.com
898 Denny Kaygill Female 05/11/1999 4033267631 dkaygillox@unc.edu
899 Tamera Syne Female 06/12/2009 4035033638 tsyneoy@vistaprint.com
900 Ina Scaife Female 16/03/1973 4035205327 iscaifeoz@chron.com
901 Iver MacGillicuddy Male 21/07/1981 4037018979 imacgillicuddyp0@oracle.com
902 Templeton Chomicz Male 04/03/1996 4039265274 tchomiczp1@i2i.jp
903 Maryanne Crippes Female 24/11/1941 4033953634 mcrippesp2@aboutads.info
904 Merry Gillian Male 12/09/2005 4036965938 mgillianp3@telegraph.co.uk
905 Charlean Gillett Female 25/03/1951 4037005858 cgillettp4@google.nl
906 Kalila Martini Female 23/07/1954 4031582300 kmartinip5@altervista.org
907 Ainslie Gatfield Female 24/07/1952 4035905816 agatfieldp6@sbwire.com
908 Fionna Craig Female 22/06/1986 4032800459 fcraigp7@reference.com
909 Phil Muckian Male 27/11/1972 4031652919 pmuckianp8@usda.gov
910 Mic Gowry Male 14/10/1939 4039491967 mgowryp9@ucsd.edu
911 Shannah McCreadie Female 13/08/1951 4035411236 smccreadiepa@example.com
912 Melony Berthelmot Female 01/10/1982 4033255550 mberthelmotpb@wisc.edu
913 Isa Buscombe Female 12/06/1945 4034264936 ibuscombepc@wisc.edu
914 Ingamar Jedrzejkiewicz Male 23/06/1984 4036654475 ijedrzejkiewiczpd@1und1.de
915 Alvera Domanski Female 25/08/1953 4031725612 adomanskipe@msu.edu
916 Pietrek McMenemy Male 21/01/1957 4031661235 pmcmenemypf@last.fm
917 Glen Stiger Female 04/08/2010 4032765899 gstigerpg@blog.com
918 Correy Faudrie Male 23/10/1958 4037186464 cfaudrieph@blinklist.com
919 Ozzy Shurlock Male 03/12/1945 4034402009 oshurlockpi@noaa.gov
920 Donalt Hearnaman Male 10/10/1951 4032298381 dhearnamanpj@icio.us
921 Maurizio Fealy Male 10/03/1936 4036710407 mfealypk@qq.com
922 Leonie Tayler Female 26/11/1934 4033610185 ltaylerpl@hhs.gov
923 Ruthann Shoorbrooke Female 07/07/1960 4039953641 rshoorbrookepm@de.vu
924 Joycelin Henaughan Female 27/04/1941 4038015764 jhenaughanpn@live.com
925 Deeyn Fosbraey Female 22/07/1950 4037985167 dfosbraeypo@nih.gov
926 Knox Tott Male 28/10/1963 4037235384 ktottpp@elegantthemes.com
927 Clem Overall Female 08/05/2009 4034195305 coverallpq@irs.gov
928 Jessika Skydall Female 17/07/1932 4034936068 jskydallpr@quantcast.com
929 Gottfried Ferro Male 20/11/1970 4033880865 gferrops@bloglines.com
930 Quintina Skoggins Female 23/05/1957 4035338595 qskogginspt@weather.com
931 Gare Simunek Male 07/08/1937 4036964707 gsimunekpu@smh.com.au
932 Prince Bembridge Male 02/02/1976 4036541871 pbembridgepv@mit.edu
933 Esteban Pleasance Male 25/09/1961 4034881791 epleasancepw@elegantthemes.com
934 Malia Anger Female 10/03/1959 4033281724 mangerpx@reference.com
935 Rafaela Edgett Female 01/06/1951 4034790771 redgettpy@harvard.edu
936 Sherill Gower Female 01/09/1949 4035164323 sgowerpz@wordpress.org
937 Tasia Kimblin Female 28/12/1992 4039012548 tkimblinq0@networksolutions.com
938 Phip Filyukov Male 24/04/1943 4035562688 pfilyukovq1@printfriendly.com
939 Bartholomew Burdytt Male 06/05/1935 4037237311 bburdyttq2@oakley.com
940 Suzanne Turbitt Female 24/02/2012 4037475247 sturbittq3@yellowpages.com
941 Gilbertine Gladding Female 01/08/1948 4033396212 ggladdingq4@wunderground.com
942 Ulises Westlake Male 25/12/1970 4038121930 uwestlakeq5@omniture.com
943 Herschel Guyonneau Male 22/09/1952 4031296278 hguyonneauq6@blogspot.com
944 Mord Ouldcott Male 27/09/1972 4034842517 mouldcottq7@mozilla.org
945 Hollyanne Sisneros Female 22/01/2000 4039669718 hsisnerosq8@adobe.com
946 Westbrook Eastes Male 30/04/1985 4034779637 weastesq9@ucla.edu
947 Laurens Menichillo Male 13/06/1942 4032415076 lmenichilloqa@webnode.com
948 Alfie Preedy Male 08/11/1953 4031231477 apreedyqb@weibo.com
949 Mara Carayol Female 24/01/1934 4031717865 mcarayolqc@cnet.com
950 Fae Ivanuschka Female 19/11/1981 4032006281 fivanuschkaqd@uiuc.edu
951 Rebe Curtain Female 23/12/1936 4034002992 rcurtainqe@usnews.com
952 Mellisent Hallstone Female 17/06/1933 4039409075 mhallstoneqf@foxnews.com
953 Davey Mee Male 04/07/2010 4038042214 dmeeqg@weibo.com
954 Gates Bucknill Female 16/05/1942 4031934768 gbucknillqh@ow.ly
955 Arlinda Rawlin Female 06/01/1975 4037088256 arawlinqi@ustream.tv
956 Adah Tretwell Female 23/08/1975 4038022197 atretwellqj@nydailynews.com
957 Bobby Kilbride Female 12/10/1958 4035773385 bkilbrideqk@whitehouse.gov
958 Manfred Crace Male 15/12/2008 4034959514 mcraceql@statcounter.com
959 Clevie Rollett Male 19/08/1988 4032484671 crollettqm@parallels.com
960 Jammie Fullalove Female 21/04/1959 4034155609 jfullaloveqn@themeforest.net
961 Wilbert Matiashvili Male 26/10/1968 4034390279 wmatiashviliqo@nsw.gov.au
962 Irma Long Female 01/02/2008 4037084965 ilongqp@ask.com
963 Mair Aspray Female 21/07/1989 4039048310 masprayqq@behance.net
964 Evy Stafford Female 31/01/2012 4032917004 estaffordqr@sakura.ne.jp
965 Josy Neagle Female 31/07/1999 4033788837 jneagleqs@lycos.com
966 Chrissie Hembry Male 04/06/1968 4034433919 chembryqt@bloglines.com
967 Evin Ettery Male 11/07/1982 4032713592 eetteryqu@vinaora.com
968 Elaina Adriaan Female 09/09/1960 4034651479 eadriaanqv@qq.com
969 Mohandas Lovick Male 27/01/1941 4035347930 mlovickqw@yellowpages.com
970 Gregoire Headan Male 14/06/1960 4035358359 gheadanqx@squidoo.com
971 Rayshell Bengtson Female 26/08/1973 4039663780 rbengtsonqy@livejournal.com
972 Ardys StQueintain Female 30/01/1934 4035305246 ardysq@hotmail.com
973 Jeremias Bedow Male 28/10/1983 4034488250 jbedowr0@clickbank.net
974 Hakim Straker Male 10/08/1980 4035068962 hstrakerr1@is.gd
975 Trude Davy Female 26/02/1986 4039756850 tdavyr2@google.es
976 Aila Georger Female 01/01/1971 4033866815 ageorgerr3@linkedin.com
977 Bryn Cresar Female 12/03/1960 4033964757 bcresarr4@eepurl.com
978 Moss Rate Male 17/04/2008 4034498012 mrater5@liveinternet.ru
979 Merridie Patrono Female 12/09/1973 4034149921 mpatronor6@arstechnica.com
980 Quint Bruniges Male 19/04/1935 4034935428 qbrunigesr7@japanpost.jp
981 Zelma Trippitt Female 27/07/1998 4039402792 ztrippittr8@cdc.gov
982 Lyndy Belding Female 20/03/1984 4032789499 lbeldingr9@myspace.com
983 Pepillo Ivens Male 13/10/1996 4038595381 pivensra@example.com
984 Timmie McIlvoray Female 26/03/1962 4036375247 tmcilvorayrb@sogou.com
985 Ardath Grigson Female 28/06/1957 4039262056 agrigsonrc@sina.com.cn
986 Berte Parton Female 08/01/1947 4035261634 bpartonrd@cloudflare.com
987 Thurston Shatliff Male 22/11/1982 4038943036 tshatliffre@photobucket.com
988 Pollyanna MacChaell Female 29/03/1992 4032337611 pmacchaellrf@goo.gl
989 Gaven Aymerich Male 20/03/1950 4031841319 gaymerichrg@acquirethisname.com
990 Ralph Pummery Male 30/06/1949 4034296793 rpummeryrh@sohu.com
991 Sasha Gorger Male 11/09/1992 4037763811 sgorgerri@ocn.ne.jp
992 Matelda Pengilley Female 24/05/1988 4031145799 mpengilleyrj@ihg.com
993 Alphonso Lusgdin Male 03/07/1970 4033985705 alusgdinrk@ucoz.com
994 Caye Frankowski Female 03/04/1934 4037860660 cfrankowskirl@statcounter.com
995 Helli Belin Female 13/11/1940 4039426401 hbelinrm@ucoz.com
996 Randolph Schulter Male 27/11/2002 4032160014 rschulterrn@springer.com
997 Phillie Jeffries Female 05/11/1988 4039745244 pjeffriesro@jugem.jp
998 Wanids Abrahart Female 21/04/1972 4034884703 wabrahartrp@msu.edu
999 Gerrie Goulden Female 27/02/1999 4033230606 ggouldenrq@mac.com
1000 Myrna Sinney Female 25/05/1949 4032084119 msinneyrr@a8.net
